consensus pocket,,7nn0_A_fpocket,7nn0_B_fpocket,7nn0_A_p2rank,7nn0_B_p2rank,IoMIN,Common_residues
1,83,28,10,7,3,0.875,"44,45,46,68,70,90,92"
2,0,1,2,1,1,0.8237,"284,285,287,288,289,000,000,000,000,000,000,000,000,000"
2,63,10,2,1,1,0.5884,"285,287,288,289,290,000,000,000,000,000"
2,1,1,2,8,1,0.5,"286,287,290,442"
,72,13,10,7,3,0.25,"90,92"
,64,10,2,8,1,0.25,"287,290"
,68,12,2,1,1,0.1765,"284,288,404"
,7,1,26,1,1,0.1765,"289,375,538"
,73,13,29,7,3,0.125,92
,69,12,2,8,1,0.125,286
,84,28,29,7,3,0.125,92
,67,10,26,1,1,0.1177,"289,538"
,11,2,3,3,2,0.1,409
,53,6,16,3,2,0.1,409
,38,4,7,3,2,0.1,409
,39,4,7,6,2,0.1,408
,41,4,16,3,2,0.1,409
,44,6,3,3,2,0.1,409
,45,6,3,6,2,0.1,408
,47,6,4,3,2,0.1,409
,12,2,3,6,2,0.1,408
,50,6,7,3,2,0.1,409
,51,6,7,6,2,0.1,408
,54,6,16,6,2,0.1,408
,35,4,4,3,2,0.1,409
,56,8,3,6,2,0.1,408
,58,8,4,6,2,0.1,408
,60,8,7,6,2,0.1,408
,62,8,16,6,2,0.1,408
,75,17,3,6,2,0.1,408
,77,17,4,6,2,0.1,408
,79,17,7,6,2,0.1,408
,81,17,16,6,2,0.1,408
,36,4,4,6,2,0.1,408
,48,6,4,6,2,0.1,408
,42,4,16,6,2,0.1,408
,28,3,7,6,2,0.1,408
,22,2,16,6,2,0.1,408
,33,4,3,6,2,0.1,408
,24,3,3,6,2,0.1,408
,18,2,7,6,2,0.1,408
,17,2,7,3,2,0.1,409
,26,3,4,6,2,0.1,408
,21,2,16,3,2,0.1,409
,15,2,4,6,2,0.1,408
,30,3,16,6,2,0.1,408
,14,2,4,3,2,0.1,409
,32,4,3,3,2,0.1,409
,76,17,4,2,2,0.0909,408
,20,2,16,2,2,0.0909,408
,74,17,3,2,2,0.0909,408
,78,17,7,2,2,0.0909,408
,80,17,16,2,2,0.0909,408
,61,8,16,2,2,0.0909,408
,13,2,4,2,2,0.0909,408
,59,8,7,2,2,0.0909,408
,16,2,7,2,2,0.0909,408
,34,4,4,2,2,0.0909,408
,57,8,4,2,2,0.0909,408
,27,3,7,2,2,0.0909,408
,23,3,3,2,2,0.0909,408
,52,6,16,2,2,0.0909,408
,25,3,4,2,2,0.0909,408
,37,4,7,2,2,0.0909,408
,31,4,3,2,2,0.0909,408
,49,6,7,2,2,0.0909,408
,40,4,16,2,2,0.0909,408
,10,2,3,2,2,0.0909,408
,43,6,3,2,2,0.0909,408
,55,8,3,2,2,0.0909,408
,29,3,16,2,2,0.0909,408
,46,6,4,2,2,0.0909,408
,82,24,2,1,1,0.0714,540
,2,1,3,1,1,0.05884,404
,71,12,9,1,1,0.05884,404
,3,1,4,1,1,0.05884,375
,4,1,9,1,1,0.05884,404
,70,12,3,1,1,0.05884,404
,5,1,14,1,1,0.05884,538
,6,1,22,1,1,0.05884,443
,66,10,22,1,1,0.05884,443
,65,10,14,1,1,0.05884,538
,8,2,2,1,1,0.05884,404
,9,2,3,1,1,0.05884,404
,19,2,9,1,1,0.05884,404
